Dataset,Threshold,Accuracy,ROC_AUC,F1_Score,Precision_0,Recall_0,Precision_1,Recall_1
Validation Set,0.5,0.9315403422982885,0.7540809768637532,0.0967741935483871,0.9535175879396985,0.9755784061696658,0.13636363636363635,0.075
Validation Set,0.5,0.7334963325183375,0.7982005141388175,0.20437956204379562,0.9794520547945206,0.7352185089974294,0.11965811965811966,0.7
Validation Set,0.5,0.9168704156479217,0.787210796915167,0.10526315789473684,0.9539641943734015,0.9588688946015425,0.1111111111111111,0.1
Validation Set,0.5,0.9009779951100244,0.7780205655526992,0.14736842105263157,0.9567496723460026,0.9383033419023136,0.12727272727272726,0.175
